Date,Open,High,Low,Close,Adj Close,Volume
2019/05/15,44.490002,46.52,44.43,46.279999,45.485691,6965600
2019/05/16,46.27,47.32,45.82,47.290001,46.478363,5798700
2019/05/17,46.810001,47.369999,46.299999,46.389999,45.593807,4280800
2019/05/20,45.650002,45.650002,43.330002,43.610001,42.861523,9204200
2019/05/21,43.970001,44.060001,43.400002,43.450001,42.704269,8279600
2019/05/22,42.939999,43.639999,42.830002,42.91,42.173534,7222900
2019/05/23,42.43,42.790001,41.950001,42.189999,41.465889,7390000
2019/05/24,42.459999,42.779999,41.84,42.290001,41.564178,5076100
2019/05/28,43.759998,44.700001,43.279999,43.509998,42.763237,12150000
2019/05/29,43.200001,44.16,42.84,43.990002,43.235001,9134300
2019/05/30,44.040001,44.48,43.16,43.560001,42.812382,5552900
2019/05/31,43.110001,43.779999,43.009998,43.369999,42.625637,5978700
2019/06/03,43.32,43.389999,42.099998,42.380001,41.65263,6711100
2019/06/04,42.98,43.639999,42.25,43.610001,42.861523,7621500
2019/06/05,43.77,44.68,43.490002,44.52,43.755905,5768800
2019/06/06,44.150002,44.740002,43.700001,44.080002,43.323456,4699000
2019/06/07,44.279999,45.630001,44.060001,45.380001,44.601143,6785800
2019/06/10,45.77,46.470001,45.200001,46.009998,45.220329,6405400
2019/06/11,46.490002,47.060001,46.189999,46.700001,45.898487,6679700
2019/06/12,46.459999,46.529999,44.970001,45.09,44.316124,6155400
2019/06/13,45.450001,46.110001,45.080002,46.049999,45.259644,6204700
2019/06/14,45.799999,45.959999,45.119999,45.619999,44.837025,4629400
2019/06/17,45.700001,45.950001,45,45.07,44.296467,7710000
2019/06/18,45.549999,46.48,45.330002,45.77,44.984447,6839000
2019/06/19,45.77,45.77,44.59,45.330002,44.552002,5441900
2019/06/20,45.990002,46.330002,45.450001,45.669998,44.886162,4574600
2019/06/21,45.529999,45.939999,45.189999,45.91,45.122044,7895500
2019/06/24,45.639999,47.209999,45.639999,47.150002,46.340767,7299700
2019/06/25,47.07,47.490002,45.66,46.200001,45.40707,8688600
2019/06/26,46.360001,47.470001,46.209999,46.73,45.927971,5328700
2019/06/27,47.09,47.57,46.52,47.279999,46.468533,6918600
2019/06/28,47.5,47.73,46.560001,47.200001,46.389908,15179000
2019/07/01,47.880001,48.459999,47.209999,47.5,46.684753,5122000
2019/07/02,47.959999,48.82,47.689999,47.98,47.156521,6682700
2019/07/03,48.049999,48.790001,47.73,48.66,47.824848,4024700
2019/07/05,48.330002,48.349998,46.639999,48.150002,47.323601,6379600
2019/07/08,47.799999,47.91,46.23,46.470001,45.672436,7680700
2019/07/09,46.169998,46.709999,45.73,46.369999,45.57415,4349600
2019/07/10,46.900002,47.369999,46.57,46.84,46.036087,4476200
2019/07/11,46.919998,47.580002,46.43,47.34,46.527504,5206200
2019/07/12,47.630001,47.669998,47.040001,47.200001,46.389908,3707600
2019/07/15,47.259998,47.849998,46.880001,47.66,46.842014,4361700
2019/07/16,47.610001,47.66,46.66,46.990002,46.183514,4876700
2019/07/17,46.919998,47.32,46.43,46.68,45.87883,4791100
2019/07/18,46.450001,46.5,45.490002,45.720001,44.93531,8157700
2019/07/19,46,46.110001,45.09,45.139999,44.365261,5514600
2019/07/22,45.330002,45.599998,44.810001,45.57,44.78788,3771800
2019/07/23,45.82,45.93,45.290001,45.919998,45.13187,3774300
2019/07/24,45.709999,46.990002,45.689999,46.860001,46.055744,3664200
2019/07/25,47.360001,47.400002,46.360001,47.189999,46.380077,4354000
2019/07/26,47.48,48.23,47.16,47.990002,47.166348,5839700
2019/07/29,48,48.529999,47.080002,48.450001,47.618454,4750900
2019/07/30,48.099998,48.360001,47.5,48.290001,47.461201,4905000
2019/07/31,48.790001,49.93,48.380001,48.740002,47.903477,8712300
2019/08/01,48.93,51.240002,48.810001,50.189999,49.32859,10901800
2019/08/02,49.799999,51.349998,48.650002,49.02,48.178669,9745000
2019/08/05,47.869999,47.950001,45.52,46.099998,45.308784,10855100
2019/08/06,47.450001,47.59,46.380001,46.59,45.790379,7171500
2019/08/07,46.110001,48.23,46.099998,48.099998,47.27446,7468500
2019/08/08,48.41,49.57,47.91,49.330002,48.483349,8935900
2019/08/09,48.759998,49.09,47.110001,48.060001,47.235149,10794000
2019/08/12,47.73,48.349998,46.950001,47.080002,46.271965,6292100
2019/08/13,46.990002,48.369999,46.470001,48.130001,47.303944,5225600
2019/08/14,47.09,47.27,45,45.259998,44.4832,9156200
2019/08/15,45.529999,45.73,44.91,45.509998,44.728912,6008900
2019/08/16,45.939999,47.169998,45.790001,46.66,45.859173,5767400
2019/08/19,47.549999,48.299999,47.279999,47.919998,47.097546,5522700
2019/08/20,47.669998,49.040001,47.5,48.799999,47.962448,5831300
2019/08/21,49.099998,49.540001,48.709999,49.040001,48.198326,4001800
2019/08/22,49.290001,49.290001,48.330002,49.080002,48.23764,4001800
2019/08/23,48.599998,49.380001,47.16,47.330002,46.517677,7125400
2019/08/26,47.990002,48.700001,47.529999,48.689999,47.854332,5194400
2019/08/27,50.5,52.220001,49.959999,51.09,50.213142,18223400
2019/08/28,50.630001,50.939999,49.540001,50.209999,49.348248,7232300
2019/08/29,51,51.43,50.259998,50.959999,50.085373,6268700
2019/08/30,51.290001,51.41,50.169998,50.599998,49.731552,5891500
2019/09/03,50.48,51.57,50.43,51.060001,50.183659,6268900
2019/09/04,52.060001,53.610001,52.009998,53.5,52.581776,9988100
2019/09/05,55.150002,56.599998,53.77,54.580002,53.643246,11780000
2019/09/06,54.669998,55.009998,54.259998,54.580002,53.643246,7034000
2019/09/09,55.25,55.549999,54.200001,55.189999,54.242771,9138700
2019/09/10,54.75,56.150002,54.279999,56.029999,55.068356,8427500
2019/09/11,56.540001,56.77,54.41,54.91,53.967575,9687300
2019/09/12,56.459999,57.52,55.139999,55.450001,54.498314,10921200
2019/09/13,55.639999,56.02,55.32,55.950001,54.989727,6401800
2019/09/16,55.18,55.939999,55.169998,55.779999,54.822647,6471300
2019/09/17,55.5,55.720001,54.77,55.349998,54.400028,6972100
2019/09/18,55.209999,55.23,54.130001,55.119999,54.173973,5433300
2019/09/19,55.43,55.560001,54.709999,55.009998,54.065865,4565200
2019/09/20,55.040001,55.48,54.52,54.759998,53.820156,7364900
2019/09/23,54.470001,54.740002,53.669998,54.18,53.250107,4502800
2019/09/24,54.610001,54.630001,53.41,53.959999,53.033886,8098400
2019/09/25,53.889999,55.040001,53.580002,54.939999,53.997063,5150700
2019/09/26,54.720001,55.07,54.16,54.220001,53.289421,6563300
2019/09/27,54.209999,54.720001,52.049999,52.330002,51.431862,7800800
2019/09/30,52.599998,53,52.310001,52.919998,52.011734,7128800
2019/10/01,53.34,53.549999,52.240002,52.900002,51.992081,9229100
2019/10/02,51.900002,52.540001,50.25,52.25,51.353233,13468300
2019/10/03,52.189999,54.77,52.07,54.07,53.141994,14558300
2019/10/04,54.75,55.490002,54.549999,55.439999,54.48848,8761100
2019/10/07,55.060001,55.889999,54.560001,55.41,54.459,6538100
2019/10/08,54.75,55.299999,54.099998,54.130001,53.200966,7182300
2019/10/09,53.759998,54.75,53.200001,53.43,52.512981,9050700
2019/10/10,52.93,53.84,51.450001,53.689999,52.768513,8700900
2019/10/11,54.349998,55.380001,54.150002,54.82,53.879124,8627100
2019/10/14,54.349998,55.200001,54.009998,55.009998,54.065865,5936000
2019/10/15,55.150002,55.599998,54.16,55.560001,54.606426,6826700
2019/10/16,55.400002,55.939999,55.139999,55.59,54.635906,5725700
2019/10/17,56,56.459999,55.509998,55.59,54.635906,5837200
2019/10/18,55.66,55.689999,53.380001,54.540001,53.603931,8530400
2019/10/21,55.25,55.82,54.73,55.509998,54.557281,5925300
2019/10/22,55.669998,55.720001,54.490002,54.52,53.584274,4353500
2019/10/23,54.560001,55.330002,54.349998,54.799999,53.85947,3341000
2019/10/24,55.18,55.740002,54.619999,55.439999,54.48848,5649100
2019/10/25,56.209999,56.279999,55.02,55.259998,54.311569,6320200
2019/10/28,55.990002,56.18,54.209999,54.560001,53.623589,7507600
2019/10/29,54.470001,54.630001,53.619999,54,53.0732,5680000
2019/10/30,55.25,55.950001,54.41,55.869999,54.911102,8537500
2019/10/31,55.93,56.07,54.740002,56.029999,55.068356,6621600
2019/11/01,56.209999,57.43,55.459999,55.82,54.861961,10202900
2019/11/04,55.560001,56.009998,54.169998,55.709999,54.753845,10345300
2019/11/05,55.799999,56.27,55.009998,55.540001,54.586773,5036300
2019/11/06,55.779999,56.59,55.470001,56.360001,55.392693,6239400
2019/11/07,56.75,56.82,54.349998,54.549999,53.613758,12512300
2019/11/08,53.5,54.84,52.650002,54.299999,53.368046,15898300
2019/11/11,53.849998,53.93,52.240002,52.52,51.618603,6826300
2019/11/12,52.700001,53.049999,51.689999,51.950001,51.05838,12564600
2019/11/13,51.599998,52.630001,51.459999,52.330002,51.431862,11542500
2019/11/14,52.32,52.98,52.099998,52.700001,51.795509,7185700
2019/11/15,53.150002,53.709999,52.700001,53.439999,52.522804,5326900
2019/11/18,53.43,53.450001,52.27,52.73,51.824993,6442300
2019/11/19,53.099998,53.380001,52.48,53.279999,52.365555,5092500
2019/11/20,53.240002,54.189999,53.150002,54.09,53.161652,7421100
2019/11/21,53.950001,54.290001,53.310001,53.689999,52.768513,3960300
2019/11/22,53.77,53.900002,52.59,53.040001,52.129673,4583000
2019/11/25,53.23,53.759998,53.02,53.73,52.807827,4125800
2019/11/26,53.93,54.23,53.560001,54.169998,53.24028,4226700
2019/11/27,54.330002,54.560001,53.900002,54.48,53.544956,3635800
2019/11/29,54.130001,55.18,54.009998,54.830002,53.88895,2393300
2019/12/02,54.93,54.98,53.360001,54.23,53.299252,4635900
2019/12/03,53.610001,54.610001,53.52,54.59,53.653072,5346500
2019/12/04,54.75,54.869999,53.759998,53.880001,52.955257,4752200
2019/12/05,54.09,55.040001,53.740002,54.990002,54.046207,5272400
2019/12/06,55.119999,55.419998,54.799999,55.209999,54.262428,5051500
2019/12/09,55.119999,55.400002,54.369999,54.389999,53.456505,4545500
2019/12/10,54.459999,55.990002,54.099998,55.939999,54.9799,4686000
2019/12/11,55.939999,56.98,55.939999,56.48,55.510632,5575400
2019/12/12,56.599998,58.810001,56.48,58.560001,57.554935,9011900
2019/12/13,58.5,58.740002,57.790001,58.650002,57.643391,5756500
2019/12/16,59.23,59.34,58.57,58.610001,57.604076,4575300
2019/12/17,58.700001,58.740002,58.099998,58.259998,57.260078,4387600
2019/12/18,58.34,59.119999,57.959999,59.02,58.007038,6679400
2019/12/19,58.709999,59.23,58.529999,59.130001,58.115154,4382200
2019/12/20,59.400002,59.709999,58.790001,59.220001,58.203609,8964500
2019/12/23,59.599998,59.75,58.830002,58.889999,57.879265,4395800
2019/12/24,58.779999,59.029999,58.52,58.810001,57.800644,1562900
2019/12/26,58.810001,59.27,58.709999,58.889999,57.879265,2325500
2019/12/27,59.209999,59.59,58.779999,59.189999,58.174122,3386200
2019/12/30,59.349998,59.549999,58.619999,58.880001,57.869446,3028500
2019/12/31,58.720001,59.470001,58.650002,59.419998,58.400169,3437800
2020/01/02,59.91,60.049999,58.560001,58.650002,57.643391,5189400
2020/01/03,58.029999,58.93,57.650002,58.669998,57.663044,4466300
2020/01/06,58.470001,59.869999,58.439999,59.740002,58.714684,4910800
2020/01/07,59.689999,60.41,59.209999,60.34,59.304386,4920300
2020/01/08,60,60.889999,59.849998,59.880001,58.85228,5021500
2020/01/09,60.240002,60.43,58.860001,59.34,58.321545,7766600
2020/01/10,59.759998,59.759998,58.73,58.950001,57.93824,4424300
2020/01/13,59.119999,59.580002,58.82,59.240002,58.223267,4529600
2020/01/14,59.580002,60.580002,58.91,60.049999,59.01936,7310500
2020/01/15,60.049999,60.450001,59.279999,59.639999,58.616398,5703200
2020/01/16,60,60.450001,59.720001,60.43,59.392838,7185600
2020/01/17,60.610001,61.279999,60.439999,61.240002,60.188938,8752800
2020/01/21,61,61.639999,60.810001,61.419998,60.365845,6914100
2020/01/22,61.650002,61.900002,60.240002,60.32,59.284729,6110200
2020/01/23,60.32,60.549999,60.060001,60.130001,59.097992,5297200
2020/01/24,60.220001,60.349998,58.950001,59.400002,58.380516,7688800
2020/01/27,58.189999,58.689999,57.779999,58.32,57.319054,6420000
2020/01/28,58.790001,60.369999,58.610001,60.029999,58.999702,5644300
2020/01/29,60.490002,60.57,59.900002,60.400002,59.363354,4338900
2020/01/30,59.919998,60.900002,59.919998,60.889999,59.84494,5287100
2020/01/31,60.200001,60.299999,58.349998,58.48,57.476307,8184200
2020/02/03,58.639999,58.900002,58.09,58.209999,57.210941,4825200
2020/02/04,58.860001,59.380001,57.369999,59.209999,58.193779,6653700
2020/02/05,60.139999,60.139999,58.439999,58.849998,57.839954,5985900
2020/02/06,59.189999,60.639999,59,60.259998,59.225754,9591500
2020/02/07,61.330002,62.84,60.380001,61.529999,60.473957,12936000
2020/02/10,61.419998,61.950001,60.77,61.630001,60.572243,5279300
2020/02/11,61.93,61.93,60.580002,61.189999,60.139793,5350300
2020/02/12,61.5,63.119999,61.439999,62.799999,61.722164,5244200
2020/02/13,62.25,62.939999,62,62.59,61.51577,3642400
2020/02/14,62.689999,63.540001,62.310001,63.52,62.42981,4242400
2020/02/18,63.360001,64.120003,63.259998,63.740002,62.64603,5317900
2020/02/19,64,64.43,63.790001,64.370003,63.265221,4865900
2020/02/20,64.019997,64.529999,62.93,64,62.901569,4219700
2020/02/21,63.82,63.93,63.07,63.380001,62.292206,3476700
2020/02/24,61.209999,63.200001,61.009998,62.310001,61.240574,6102000
2020/02/25,61.799999,62.02,59.310001,59.509998,58.488628,10451800
2020/02/26,59.740002,60.5,58.959999,59.369999,58.351032,8272700
2020/02/27,57.799999,60.290001,57.52,58.330002,57.328884,9014200
2020/02/28,56.290001,58.18,55.919998,58.130001,57.13232,10456000
2020/03/02,58.299999,60.650002,57.91,60.59,59.550095,9483100
2020/03/03,60.560001,61.82,58.139999,58.75,57.741673,9825900
2020/03/04,60,62.59,59.59,62.549999,61.476456,7306400
2020/03/05,60.779999,62.299999,60.34,61.52,60.464134,6978500
2020/03/06,59.650002,60.880001,58.360001,59.970001,58.940735,9745200
2020/03/09,56.599998,59.119999,55.400002,57.349998,56.365704,13169500
2020/03/10,59.450001,61.119999,57.93,60.709999,59.668034,15378100
2020/03/11,58.75,60.459999,58.400002,59.330002,58.311722,10530100
2020/03/12,55.099998,57.490002,52.830002,54.560001,53.623589,11644200
2020/03/13,57,59.049999,53.099998,59.040001,58.026695,9943000
2020/03/16,53.110001,57.07,52.48,52.759998,51.854481,10456800
2020/03/17,53.66,57,50.509998,56.16,55.196125,10799600
2020/03/18,53,58.220001,52.049999,55.59,54.635906,14550100
2020/03/19,55.619999,58.16,53.720001,54.130001,53.200966,10151200
2020/03/20,55.25,55.599998,51.380001,52.049999,51.156666,12916100
2020/03/23,52.810001,57.66,52.330002,56.470001,55.500805,19601600
2020/03/24,58.34,61.25,53.82,54.43,53.495815,14885500
2020/03/25,55.009998,55.709999,52.52,52.869999,51.962589,11194700
2020/03/26,53.060001,57.779999,53.060001,57.720001,56.729355,9991800
2020/03/27,56.549999,58.630001,55.759998,56.959999,55.982395,8513700
2020/03/30,58.34,59.75,57.509998,58.470001,57.46648,9311300
2020/03/31,58.040001,60.099998,57.830002,59.48,58.459141,10128800
2020/04/01,58,59.610001,57.060001,57.5,56.513123,7315500
2020/04/02,58.27,61.09,58.009998,60.779999,59.736832,8032900
2020/04/03,61.259998,61.720001,58.77,59.98,58.950565,7150300
2020/04/06,61.130001,62.400002,60.099998,61.599998,60.542759,10077400
2020/04/07,62.529999,62.549999,58.119999,59.869999,58.842449,14929000
2020/04/08,60.360001,61.5,59.91,61.07,60.021858,7420300
2020/04/09,61.279999,61.799999,59.549999,60.459999,59.422321,8404800
2020/04/13,60.32,63,60.02,62.75,61.673019,8054700
2020/04/14,63.98,64,62.720001,63.279999,62.602962,7156400
2020/04/15,62.630001,66.059998,62.25,65.709999,65.006966,9411300
2020/04/16,66.449997,68.32,65.550003,68.050003,67.32193,11276000
2020/04/17,66.5,67,64.889999,66.879997,66.164444,10942300
2020/04/20,66.620003,67.150002,65.959999,66.5,65.788513,5110200
2020/04/21,66.239998,67.040001,64.970001,65.720001,65.016861,7782700
2020/04/22,66.699997,67.120003,64.730003,66.980003,66.263382,6687200
2020/04/23,66.980003,67.580002,65.82,65.879997,65.17514,5900200
2020/04/24,66.07,66.879997,65.800003,66.650002,65.936913,7314300
2020/04/27,67.400002,67.769997,66.510002,67.059998,66.342522,6135300
2020/04/28,67,67.330002,63.720001,63.860001,63.176758,7912200
2020/04/29,64.150002,65.199997,62.34,64.790001,64.096809,8572600
2020/04/30,64.82,65.459999,63.41,63.73,63.048149,9895100
2020/05/01,63.139999,64.940002,62.849998,64.720001,64.027557,5103500
2020/05/04,65.330002,66.889999,65.230003,66.699997,65.986374,7778100
2020/05/05,67.669998,69.629997,66.970001,68.529999,67.796799,15461900
2020/05/06,74,74.800003,71.029999,72.870003,72.090363,21709500
2020/05/07,72.309998,73.650002,71.120003,73.099998,72.317894,8649600
2020/05/08,73.18,74,72.510002,73.139999,72.357468,6087000
2020/05/11,73.059998,75.970001,72.599998,75.459999,74.652649,9285200
2020/05/12,75.269997,75.489998,71.949997,72.25,71.47699,8921000
2020/05/13,72.510002,75.010002,71.970001,73.669998,72.881805,8807700
2020/05/14,73.120003,73.900002,71.610001,72.959999,72.17939,6749100
2020/05/15,72.620003,74,72.290001,73.919998,73.129128,5854200
2020/05/18,73.860001,74.68,72.449997,72.879997,72.10025,8492000
2020/05/19,72.900002,74.440002,72.720001,73.029999,72.248642,5509700
2020/05/20,73.540001,74.540001,73.239998,73.779999,72.990623,6231100
2020/05/21,74.360001,74.489998,72.440002,72.470001,71.694641,9522900
2020/05/22,73.010002,73.160004,72.199997,73.080002,72.298119,5161400
2020/05/26,73.370003,73.489998,69.610001,70,69.251068,11628600
2020/05/27,69.290001,70.339996,66.589996,70.150002,69.399467,13218600
2020/05/28,70,71.730003,69.400002,70.220001,69.468719,7899000
2020/05/29,70.660004,72.209999,69.82,71.980003,71.209885,11408600
2020/06/01,72.190002,73.580002,71.720001,72.989998,72.209076,4930700
2020/06/02,72.779999,73.040001,71.089996,72.980003,72.199188,6518500
2020/06/03,72.389999,72.629997,69.669998,69.919998,69.171921,10519800
2020/06/04,69.5,71.099998,69.099998,69.809998,69.063095,7630000
2020/06/05,67.989998,69.589996,67.400002,69.43,68.687164,8620300
2020/06/08,68.489998,70.769997,68.330002,70.730003,69.973259,6941400
2020/06/09,71.279999,72.160004,70.230003,72,71.229668,6245200
2020/06/10,72.379997,74.239998,72.309998,73.82,73.03019,9106800
2020/06/11,72.870003,74.349998,71.019997,71.279999,70.517372,7808000
2020/06/12,71.5,73.209999,70.25,71.68,70.913094,5921400
2020/06/15,71.480003,73.550003,71.269997,73.190002,72.406937,6492100
2020/06/16,74,74.190002,72.230003,73,72.218971,6359000
2020/06/17,73.690002,76.480003,73.309998,75.529999,74.721901,12763600
2020/06/18,75.989998,76.370003,74.889999,76.010002,75.196762,7270400
2020/06/19,76.18,76.75,75.089996,76.580002,75.760674,10388500
2020/06/22,76.669998,77.199997,75.870003,76.120003,75.305588,5243100
2020/06/23,76.730003,77.629997,76.220001,76.449997,75.63205,4472200
2020/06/24,76.459999,77.169998,74.43,75.580002,74.771362,7744700
2020/06/25,76.610001,76.769997,74.459999,76.209999,75.394623,6157300
2020/06/26,76.540001,76.839996,74.650002,76.400002,75.582596,11572500
2020/06/29,75.82,76.519997,74.93,75.5,74.692223,5099400
2020/06/30,75.690002,76.43,75.419998,75.900002,75.087936,6535400
2020/07/01,75.449997,78.230003,74.970001,78.029999,77.195152,10187400
2020/07/02,78.860001,79.110001,77.050003,77.510002,76.680725,5169300
2020/07/06,78.459999,79.440002,78.050003,78.669998,77.8283,6041800
2020/07/07,79,80.379997,78.389999,78.5,77.660126,6038800
2020/07/08,79.059998,79.349998,77.970001,79.279999,78.431778,4863400
2020/07/09,79.93,80.75,78.82,80.639999,79.777222,6005700
2020/07/10,80.720001,81.529999,79.629997,81.269997,80.400482,6071100
2020/07/13,82.010002,82.050003,77.519997,77.949997,77.116005,7437600
2020/07/14,76.809998,79.889999,76.209999,79.769997,78.916534,4875300
2020/07/15,78.519997,79.580002,77.459999,79.150002,78.303169,6994300
2020/07/16,78.879997,79.480003,77.870003,79.370003,78.520821,4950100
2020/07/17,79.410004,79.849998,77.949997,78.639999,77.798622,6241500
2020/07/20,79.07,81.370003,78.68,81.160004,80.291672,5556400
2020/07/21,81.650002,81.830002,79.620003,80.760002,79.895943,5495800
2020/07/22,80.970001,81.379997,80.419998,81.099998,80.232307,2937400
2020/07/23,81.489998,82.669998,79.379997,79.610001,78.758247,5963000
2020/07/24,79.32,80.75,78.120003,79.989998,79.134186,4371200
2020/07/27,80.599998,81.800003,80.589996,81.629997,80.756638,3777200
2020/07/28,81.370003,81.860001,80.589996,80.720001,79.856369,3637100
2020/07/29,81.260002,81.440002,80.620003,81.199997,80.331238,2957200
2020/07/30,80.599998,82.019997,79.910004,81.699997,80.825882,4034000
2020/07/31,82.809998,83.449997,81.760002,82.629997,81.745934,8922500
2020/08/03,84.410004,85.050003,82.870003,84.790001,83.882828,8589600
2020/08/04,86.769997,87.040001,83.949997,86.449997,85.525063,16110300
2020/08/05,84.650002,86.019997,83.349998,84.32,83.417854,12546300
2020/08/06,87.550003,87.730003,85.5,86.839996,85.910889,9586300
2020/08/07,84.43,85.400002,80.989998,82.470001,81.587654,9181900
2020/08/10,82.43,83.510002,80.839996,82.260002,81.379898,8018200
2020/08/11,81.510002,81.510002,78.699997,79.120003,78.273499,9095700
2020/08/12,79.580002,81.989998,79.580002,81.709999,80.835785,6198600
2020/08/13,82.279999,82.980003,81.199997,81.290001,80.420273,5329100
2020/08/14,81.970001,82.300003,79.980003,80.400002,79.539795,9390000
2020/08/17,80.970001,82.050003,80.169998,81.989998,81.112785,7091800
2020/08/18,82.599998,83.279999,81.589996,83.129997,82.240585,4479300
2020/08/19,82.949997,83.730003,81.730003,81.980003,81.10289,5566100
2020/08/20,82.019997,84.220001,81.860001,84,83.10128,5604100
2020/08/21,84.050003,84.089996,82.730003,83.209999,82.319733,5102000
2020/08/24,83.339996,83.660004,81.910004,83.099998,82.210907,4281900
2020/08/25,82.93,83.849998,82.370003,83.620003,82.725349,3659000
2020/08/26,83.830002,84.940002,83.540001,84.480003,83.576149,7046400
2020/08/27,85,85,82.779999,83.900002,83.00235,4221300
2020/08/28,83.949997,84.029999,82.309998,83.209999,82.319733,4646700
2020/08/31,82.809998,83.93,82.690002,83.519997,82.626411,6269500
2020/09/01,83.839996,84.489998,82.599998,83.330002,82.438454,5927400
2020/09/02,83.580002,84.019997,82.480003,83.449997,82.557159,7125100
2020/09/03,82.959999,83,79.410004,80.309998,79.45076,7988400
2020/09/04,79.099998,79.800003,75.68,79.010002,78.164673,8947300
2020/09/08,76.580002,77.489998,75.919998,76.18,75.364952,11025000
2020/09/09,77.849998,80,77.260002,79.589996,78.738464,6984700
2020/09/10,80.290001,81.110001,78.730003,79.089996,78.243813,8458000
2020/09/11,79.830002,80.519997,77.629997,77.970001,77.135796,6024500
2020/09/14,79.040001,79.419998,78.480003,79.120003,78.273499,6221600
2020/09/15,80,82.209999,79.779999,81.75,80.875359,6500800
2020/09/16,81.68,82.389999,79.830002,79.989998,79.134186,4996100
2020/09/17,78.059998,79.190002,77.709999,78.769997,77.927238,7609500
2020/09/18,79.330002,80.639999,78.080002,80.089996,79.233109,9409400
2020/09/21,79.639999,81.470001,79.160004,81.410004,80.538994,6293200
2020/09/22,82.309998,83.279999,80.760002,82.650002,81.765732,6237500
2020/09/23,82.529999,83.150002,79.889999,80.129997,79.272682,5849100
2020/09/24,79.279999,80.889999,79.25,79.690002,78.837395,5023700
2020/09/25,79.879997,81.330002,79.059998,80.980003,80.113594,4954300
2020/09/28,81.629997,82.019997,80.510002,81.949997,81.073212,3838100
2020/09/29,81.830002,82,80.540001,80.779999,79.915733,4828500
2020/09/30,80.610001,82.019997,80.400002,80.949997,80.083908,7455000
2020/10/01,81.720001,83.540001,81.379997,82.68,81.795403,6035900
2020/10/02,81.989998,81.989998,78.129997,78.300003,77.462273,8789500
2020/10/05,79.360001,80.169998,78.400002,79.989998,79.134186,5561100
2020/10/06,79.769997,80.639999,78.120003,78.300003,77.462273,4887000
2020/10/07,78.68,78.93,77.660004,78.470001,77.630447,5421300
2020/10/08,78.699997,78.959999,77.349998,77.800003,76.967621,5492100
2020/10/09,78.190002,78.75,77.720001,78.209999,77.373222,5433200
2020/10/12,79.279999,81.919998,78.949997,81.059998,80.192734,6724600
2020/10/13,81.440002,82.459999,80.459999,81.980003,81.10289,5270300
2020/10/14,82.510002,82.959999,81.080002,81.900002,81.023743,5515900
2020/10/15,81.019997,81.470001,80.110001,80.349998,79.490334,3863800
2020/10/16,80.949997,81.610001,80.519997,80.620003,79.757446,4683700
2020/10/19,82.279999,82.510002,79.809998,80.080002,79.223221,4463100
2020/10/20,80.5,81.129997,79.599998,80.139999,79.282578,3364600
2020/10/21,80.989998,82.589996,80.720001,81.940002,81.063316,5305100
2020/10/22,82.209999,82.209999,79.57,80.769997,79.905838,4341200
2020/10/23,81,81.379997,79.889999,81.040001,80.172951,4303400
2020/10/26,80.75,81.760002,79.760002,80.489998,79.62883,4235500
2020/10/27,81,81.489998,80.080002,80.959999,80.093803,5469700
2020/10/28,80.18,80.68,78.93,79.010002,78.164673,5910400
2020/10/29,78.959999,79.470001,77.129997,77.769997,76.937927,9877200
2020/10/30,77.449997,78.279999,74.370003,75.730003,74.919762,11977700
2020/11/02,76.550003,77.769997,75.699997,76.400002,75.582596,7306600
2020/11/03,76.580002,77.68,75.760002,76.260002,75.444092,6820400
2020/11/04,78.93,80.019997,77.669998,79.370003,78.520821,8632900
2020/11/05,80.739998,81.68,79.889999,80.139999,79.282578,6581700
2020/11/06,79.870003,80.139999,77.269997,78.809998,77.966805,7576500
2020/11/09,75,78.230003,71.190002,75.410004,74.603188,13716600
2020/11/10,74.800003,76.239998,73.209999,75.120003,74.316292,8658900
2020/11/11,76.349998,76.690002,75.709999,76.550003,75.730988,5511000
2020/11/12,77.120003,78.400002,76.529999,76.709999,75.889275,4881200
2020/11/13,77.5,77.699997,76.610001,77.550003,76.720299,5594600
2020/11/16,76.720001,77.5,75.57,77.440002,76.611473,7877000
2020/11/17,77.519997,78.800003,77.010002,77.110001,76.284996,6210300
2020/11/18,76.949997,77.07,75.260002,75.5,74.692223,9287200
2020/11/19,73.959999,76.699997,73.739998,75.93,75.117622,8750700
2020/11/20,75.699997,77.709999,75.5,76.809998,75.988205,6730400
2020/11/23,76.919998,77.339996,75.110001,75.919998,75.107727,6952000
2020/11/24,75.93,76.050003,74.910004,75.230003,74.42511,7252300
2020/11/25,75.93,77.139999,75.650002,76.510002,75.691414,4822900
2020/11/27,77.699997,78.209999,76.660004,78.139999,77.303978,3382500
2020/11/30,78.32,79.730003,77.779999,79.480003,78.629646,15235000
2020/12/01,79.940002,79.989998,78.629997,79.93,79.074821,5794200
2020/12/02,79.720001,80.010002,78.739998,79.150002,78.303169,4780600
2020/12/03,79.309998,79.809998,78.550003,78.790001,77.947021,4860000
2020/12/04,78.720001,80.93,78.639999,80.879997,80.014656,6414300
2020/12/07,81.400002,82.949997,81.18,82.269997,81.389786,6730800
2020/12/08,82.480003,83.639999,81.989998,83.629997,82.735237,6740000
2020/12/09,83.5,83.68,81.870003,82.580002,81.696472,11116600
2020/12/10,82.279999,83.93,81.68,83.110001,82.220802,8503300
2020/12/11,83.129997,84.040001,82.870003,83.68,82.784706,5864200
2020/12/14,84.269997,86.260002,84.080002,85.940002,85.020523,7506200
2020/12/15,86.25,86.959999,85.589996,86.919998,85.990036,5925700
2020/12/16,87.260002,88.290001,86.839996,88.220001,87.276131,6969300
2020/12/17,88.870003,89.349998,86.980003,88.459999,87.513565,6796900
2020/12/18,89.040001,90.779999,88.290001,90.370003,89.40313,14075300
2020/12/21,89.480003,90.050003,87.18,88.809998,87.859818,7304000
2020/12/22,89.440002,89.610001,88.300003,89.419998,88.463287,5084000
2020/12/23,89.949997,90.489998,88.800003,90.209999,89.244835,4728300
2020/12/24,90.300003,91.220001,90.279999,90.959999,89.986809,2269100
2020/12/28,91.760002,92.260002,90.769997,91.43,90.451782,4378300
2020/12/29,91.629997,92.110001,90.849998,91.370003,90.392433,3741400
2020/12/30,91.75,92.599998,91.43,91.580002,90.600182,2689600
2020/12/31,91.739998,92.989998,91.529999,92.849998,91.85659,4311000
2021/01/04,92.699997,92.910004,89.220001,89.900002,88.938156,7423100
2021/01/05,90.32,90.75,89.099998,90.690002,89.719711,4544100
2021/01/06,89.059998,89.900002,87.889999,88,87.058487,7422100
2021/01/07,88.860001,90.75,88.269997,89.669998,88.710617,6142200
2021/01/08,90.07,91.370003,89.529999,91.300003,90.323181,4408800
2021/01/11,91.300003,91.849998,90.550003,90.910004,89.937355,6685900
2021/01/12,91,91.190002,87.959999,89.25,88.295113,5401100
2021/01/13,89.639999,90.339996,88.440002,89.769997,88.80954,4223700
2021/01/14,90.160004,91.239998,89.650002,89.989998,89.027191,5466000
2021/01/15,89.989998,90.75,88.57,90.690002,89.719711,8461400
2021/01/19,90.919998,93.370003,90.830002,93.150002,92.153381,5711900
2021/01/20,93.959999,95.870003,93.57,95.120003,94.10231,5703200
2021/01/21,95.470001,95.699997,94.209999,94.599998,93.587868,4488800
2021/01/22,94.68,95.230003,93.82,94.43,93.419685,3755100
2021/01/25,95.529999,95.760002,92.739998,93.400002,92.400711,5373500
2021/01/26,93.349998,93.68,92.139999,92.379997,91.391624,6424300
2021/01/27,91,91,88.209999,88.669998,87.721313,12152900
2021/01/28,89.57,91.419998,89.010002,90.269997,89.304192,6685600
2021/01/29,90,91.330002,89.739998,91,90.026382,7025500
2021/02/01,91.480003,92.160004,90.860001,91.419998,90.441887,4271100
2021/02/02,92.040001,94.18,91.809998,93.980003,92.974503,5782600
2021/02/03,93.889999,94.07,92.589996,92.769997,91.777451,6666800
2021/02/04,93.349998,94.419998,92.410004,92.68,91.688408,8296500
2021/02/05,100.660004,104.230003,100,101.610001,100.522873,17047800
2021/02/08,102.050003,103.080002,100.389999,101.190002,100.107361,5969800
2021/02/09,101.949997,103.769997,101.059998,102.730003,101.63089,5298900
2021/02/10,103.040001,103.440002,101.25,102.760002,101.660568,4744600
2021/02/11,103.5,104.220001,102.550003,103.239998,102.135429,3306500
2021/02/12,102.779999,103.889999,102.139999,103.809998,102.699326,3023500
2021/02/16,103.82,104.529999,102.480003,102.959999,101.858421,3773000
2021/02/17,102.580002,103.370003,101.809998,102.349998,101.254951,3742100
2021/02/18,101.830002,102.400002,100.940002,102.25,101.156021,5087800
2021/02/19,102.949997,103.080002,100.589996,100.800003,99.721535,4369500
2021/02/22,99.82,99.82,96.410004,96.580002,95.546692,6152800
2021/02/23,95.07,96.849998,93.550003,96.419998,95.388397,6238400
2021/02/24,95.449997,96.059998,94.519997,95.690002,94.666206,5925500
2021/02/25,95.32,96.419998,93.790001,95.099998,94.08252,5414200
2021/02/26,96,97.209999,95.160004,95.610001,94.587067,6388200
2021/03/01,97.089996,98.919998,96.889999,98.720001,97.663788,5135600
2021/03/02,98.910004,98.989998,96.589996,96.75,95.714867,3985000
2021/03/03,96.290001,96.529999,92.879997,93.709999,92.707397,5283200
2021/03/04,93.080002,94.559998,90.739998,91.540001,90.560608,5777200
2021/03/05,92.199997,93.389999,90.32,92.580002,91.589485,8348600
2021/03/08,91.75,92.830002,89.129997,89.209999,88.255539,6742600
2021/03/09,91.599998,93.690002,91.599998,92.5,91.510338,6325600
2021/03/10,93.260002,93.699997,91.089996,91.309998,90.333061,4283300
2021/03/11,92.970001,93.830002,92.43,92.940002,91.945633,4464900
2021/03/12,91.889999,93.129997,91.150002,93.040001,92.044563,3280400
2021/03/15,92.870003,93.050003,91.400002,92.580002,91.589485,3146200
2021/03/16,93.559998,94.800003,92.93,93.279999,92.281998,4552800
2021/03/17,92.400002,92.93,90.82,92.440002,91.450981,4644900
2021/03/18,90.739998,91.629997,89.169998,89.580002,88.621582,6691500
2021/03/19,89.690002,91.540001,89.690002,90.489998,89.521835,13501000
2021/03/22,90.629997,92.529999,90.550003,91.870003,90.887085,4290000
2021/03/23,92.589996,92.599998,91.080002,91.379997,90.402313,4426200
2021/03/24,91.550003,91.550003,89.669998,90.510002,89.541634,4800200
2021/03/25,90.410004,91.129997,89.059998,90.849998,89.877991,5016700
2021/03/26,91.239998,92.489998,90.769997,92.400002,91.411407,6161300
2021/03/29,92.25,94.919998,92.029999,94.019997,93.014076,8660800
2021/03/30,92.440002,92.879997,90.790001,92.660004,91.668633,6147900
2021/03/31,92.849998,94.080002,92.5,93,92.00499,6522700
2021/04/01,93.940002,95.699997,93.739998,95.540001,94.517815,6085500
2021/04/05,96.010002,98.419998,95.519997,97.870003,96.822891,5251600
2021/04/06,98.190002,98.190002,97.029999,97.32,96.27877,8070000
2021/04/07,96.459999,97.330002,96.410004,96.839996,95.803894,4469200
2021/04/08,97.809998,97.870003,96.150002,96.459999,95.427971,3590000
2021/04/09,96.07,96.309998,94.550003,95.779999,94.755241,4301000
2021/04/12,95.099998,96.279999,95,96.139999,95.111397,4719900
2021/04/13,97,98.25,96.489998,97.540001,96.496414,5710800
2021/04/14,97.099998,97.529999,96.410004,96.690002,96.118668,4066500
2021/04/15,97.050003,98.040001,96.400002,97.779999,97.202217,7324200
2021/04/16,98.099998,98.099998,96.050003,96.480003,95.909904,7126500
2021/04/19,96.93,97.580002,95.330002,96,95.432739,4797100
2021/04/20,96.269997,96.330002,94.120003,94.470001,93.911781,4499000
2021/04/21,93.480003,93.559998,91.889999,93.18,92.629402,8000200
2021/04/22,93.300003,94.489998,92.980003,93.699997,93.146324,5742700
2021/04/23,93.699997,94.040001,92.690002,93.019997,92.470345,4029900
2021/04/26,92.620003,94.389999,92.510002,94.239998,93.683136,5055900
2021/04/27,94.510002,94.860001,91.260002,91.599998,91.058739,8922200
2021/04/28,92.290001,92.300003,91,91.25,90.710808,6692800
2021/04/29,91.669998,92.160004,91.080002,92.089996,91.545837,4796400
2021/04/30,91.360001,91.989998,90.889999,91.190002,90.651161,6614300
2021/05/03,91.699997,92.019997,90.790001,91.150002,90.611397,6641800
2021/05/04,90.839996,90.970001,87.440002,88.690002,88.165939,15147500
2021/05/05,93.599998,94.769997,90,90.080002,89.547722,13079100
2021/05/06,90,93.519997,89.639999,93.029999,92.480286,8024600
2021/05/07,93.43,95.120003,93.040001,94.800003,94.23983,6511800
2021/05/10,95.059998,95.739998,93.139999,93.169998,92.619461,6067500
2021/05/11,93.660004,95.769997,92.940002,95.339996,94.776634,6530700
2021/05/12,94.279999,94.800003,92.260002,92.660004,92.11248,6176200
2021/05/13,93.470001,94.050003,92.830002,93.419998,92.867981,4741200
2021/05/14,94.400002,94.400002,93.059998,93.349998,92.798393,3656400
2021/05/17,92.68,93.080002,91.529999,92.300003,91.754608,5175800
2021/05/18,92.550003,95.349998,92.25,93.660004,93.106567,6263000
2021/05/19,92.269997,94.419998,92.199997,94.260002,93.703026,4213900
2021/05/20,94.639999,97.230003,94.580002,96.57,95.999374,6742700
2021/05/21,96.970001,97.07,95.25,95.370003,94.806465,5431700
2021/05/24,95.93,96.769997,95.82,96.5,95.929787,3196800
2021/05/25,96.870003,97.370003,96.269997,96.57,95.999374,3284400
2021/05/26,97.120003,98.480003,96.809998,97.300003,96.72506,3880500
2021/05/27,97,97.57,96.589996,97.25,96.675354,7742700
2021/05/28,97.440002,98.080002,97.169998,97.25,96.675354,3092400
2021/06/01,97.260002,97.599998,96.129997,96.449997,95.880074,3502500
2021/06/02,96.330002,96.650002,94.980003,95.389999,94.82634,3277900
2021/06/03,94.5,95.709999,94.07,94.980003,94.41877,3805100
2021/06/04,95.139999,97.32,95.139999,96.839996,96.267769,2990800
2021/06/07,96.889999,97.290001,96.279999,97.120003,96.546127,2655200
2021/06/08,97.449997,97.610001,96.589996,96.800003,96.228012,2596900
2021/06/09,97.349998,97.93,96.379997,96.529999,95.95961,3608600
2021/06/10,96.279999,97.879997,96.089996,97.690002,97.112755,4409500
2021/06/11,97.800003,98.360001,97.360001,98.150002,97.570038,4112700
2021/06/14,98.389999,99.459999,97.610001,99.18,98.593948,5834400
2021/06/15,98.860001,98.989998,95.379997,95.970001,95.402916,6154000
2021/06/16,95.75,95.949997,92.779999,94.059998,93.504204,7440900
2021/06/17,93.629997,94.459999,92.669998,93.190002,92.639343,5088100
2021/06/18,93.120003,93.370003,91.050003,91.489998,90.949387,8509900
2021/06/21,91.879997,92.760002,90.860001,91.82,91.277435,4659600
2021/06/22,91.949997,92.099998,91.18,91.879997,91.337082,4654100
2021/06/23,91.870003,91.980003,90.230003,90.790001,90.253525,6446800
2021/06/24,91.860001,93.07,91.550003,92.510002,91.963364,5640100
2021/06/25,92.639999,93.739998,92.169998,92.260002,91.714844,8943300
2021/06/28,92.790001,96.150002,92.599998,95.400002,94.836288,7032900
2021/06/29,95.419998,95.910004,94.07,95.610001,95.045044,4160300
2021/06/30,95.720001,95.989998,95.139999,95.440002,94.876053,4372600
2021/07/01,95.07,95.400002,93.220001,93.900002,93.345146,5055100
2021/07/02,94.75,95.040001,93.580002,94.269997,93.712959,3101400
2021/07/06,94.470001,95.199997,93.68,94.400002,93.842194,3833300
2021/07/07,95.260002,95.269997,93.139999,93.309998,92.758629,3444200
2021/07/08,92.400002,93.050003,91.75,92.18,91.635315,6128600
2021/07/09,91.879997,92.599998,91.459999,92.379997,91.834129,3587000
2021/07/12,93.330002,93.419998,92.43,92.910004,92.361,4054700
2021/07/13,93.5,93.860001,92.870003,93.25,92.69899,5476700
2021/07/14,93.540001,93.769997,92.099998,92.32,91.774483,4959100
2021/07/15,92.370003,92.599998,90.599998,90.68,90.144173,8746100
2021/07/16,90.870003,92.389999,90.839996,91.800003,91.257561,7411300
2021/07/19,91.75,92.25,89.900002,90.300003,89.766426,7741500
2021/07/20,90.620003,91.709999,89.559998,91.510002,90.969276,6627000
2021/07/21,91.779999,91.919998,90.400002,91.169998,90.631279,5725700
2021/07/22,90.389999,90.68,89.559998,90.470001,89.935417,5159500
2021/07/23,90.660004,91.730003,90.019997,91.5,90.959328,3889300
2021/07/26,91.029999,91.400002,89.989998,90.139999,89.607368,4587400
2021/07/27,89.940002,89.940002,81.559998,84.050003,83.553352,23141100
2021/07/28,84.889999,87.300003,84.720001,84.82,84.318802,13160400
2021/07/29,84.870003,85.220001,83.5,83.57,83.076187,10839500
2021/07/30,83.150002,84.650002,82.849998,83.620003,83.125893,7055900
2021/08/02,84.029999,84.169998,82.540001,82.760002,82.270973,6225000
2021/08/03,80.989998,81.449997,77.809998,79.830002,79.358292,17329600
2021/08/04,83.510002,83.900002,80.449997,81.519997,81.0383,19758100
2021/08/05,81.559998,82.040001,79.349998,80.32,79.84539,9871300
2021/08/06,79.900002,82.5,79.900002,82.43,81.942924,9692100
2021/08/09,81.860001,82.389999,81.239998,81.410004,80.928955,6082900
2021/08/10,81.760002,83.360001,81.269997,82.989998,82.499611,7770000
2021/08/11,83.510002,86.230003,83.080002,85,84.497742,13387700
2021/08/12,85.110001,85.480003,83.169998,85.169998,84.666733,7353200
2021/08/13,86.300003,86.389999,83.449997,83.849998,83.35453,5369200
2021/08/16,83.5,84.029999,83.050003,83.849998,83.35453,4320800
2021/08/17,83.050003,84.389999,82.470001,83.370003,82.877373,4780300
2021/08/18,83.599998,84.139999,82.769997,82.830002,82.340561,4559800
2021/08/19,82.209999,84.540001,82.190002,83.169998,82.678551,5449700
2021/08/20,82.870003,83.669998,82.220001,82.629997,82.141739,7366200
2021/08/23,82.93,83.489998,81.889999,82.220001,81.734169,8666100
2021/08/24,82.75,82.809998,81.190002,81.790001,81.306709,11799500
2021/08/25,82.120003,82.120003,80,80.809998,80.332497,10410300
2021/08/26,81.589996,82.489998,81.190002,81.25,80.769897,7365000
2021/08/27,81.449997,82.660004,81.300003,82.43,81.942924,6000600
2021/08/30,81.5,81.559998,79.919998,81.120003,80.640671,8405200
2021/08/31,81.480003,83.379997,81.199997,82.370003,81.883278,9477900
2021/09/01,82.730003,83.379997,82,82.300003,81.813698,6226000
2021/09/02,82.75,82.849998,81.139999,81.309998,80.829536,8433800
2021/09/03,81.209999,81.650002,80.779999,81.18,80.70031,5605400
2021/09/07,81.410004,81.419998,77.889999,78.470001,78.006325,15531700
2021/09/08,78.470001,80.32,78.269997,80.290001,79.815567,8227700
2021/09/09,78.809998,79.410004,77.129997,78.050003,77.588806,11325800
2021/09/10,78.160004,80.839996,77.339996,79.639999,79.169411,12098700
2021/09/13,80.120003,80.760002,78.150002,78.529999,78.065971,7337400
2021/09/14,78.779999,78.889999,77.660004,77.839996,77.380043,6235300
2021/09/15,77.730003,78.769997,77.099998,78.25,77.787621,5526500
2021/09/16,78.32,79.599998,78.040001,79.279999,78.811539,9376800
2021/09/17,79.419998,80.5,78,79.559998,79.089882,11009600
2021/09/20,78.639999,78.82,74.870003,76.18,75.729858,12231900
2021/09/21,76.610001,76.639999,72.940002,73.029999,72.598465,14206900
2021/09/22,73.190002,74.029999,72.199997,72.809998,72.379768,10297300
2021/09/23,73.129997,75.470001,72.709999,74.669998,74.228775,9311100
2021/09/24,74.5,75.589996,74.110001,75.260002,74.815292,7429800
2021/09/27,75.029999,75.949997,73.690002,75.080002,74.63636,6517900
2021/09/28,74.660004,77.080002,74.660004,76.330002,75.878967,11157200
2021/09/29,76.529999,78.93,76.5,77.379997,76.92276,9700800
2021/09/30,77.559998,78.410004,77,77.389999,76.932701,7537900
2021/10/01,78.059998,79.040001,77.199997,78.529999,78.065971,5861300
2021/10/04,78.190002,78.32,76.860001,77.18,76.723946,5955600
2021/10/05,77.25,77.650002,76.230003,76.800003,76.346191,9771000
2021/10/06,75.93,78.029999,75.690002,77.290001,76.833298,9477600
2021/10/07,77.269997,78.5,76.769997,77.360001,76.902885,8527400
2021/10/08,77.760002,78.360001,77.25,77.610001,77.151405,8885200
2021/10/11,77.739998,77.760002,76.260002,76.32,75.869026,6326400
2021/10/12,76.449997,76.540001,74.589996,74.919998,74.477295,6640900
2021/10/13,75.339996,76.099998,75.019997,75.25,74.805351,6597500
2021/10/14,75.940002,77.160004,75.57,76.110001,75.660271,5471100
2021/10/15,76.5,77.07,76.190002,76.400002,75.948555,6472800
2021/10/18,76.139999,76.720001,75.239998,76.400002,75.948555,5417400
2021/10/19,76.769997,77.199997,75.949997,77.18,76.723946,4238500
2021/10/20,77.519997,78.080002,77.080002,78.080002,77.618629,4537900
2021/10/21,77.720001,78.739998,76.720001,78.699997,78.234962,5904300
2021/10/22,78.620003,80.919998,78.620003,79.269997,78.80159,6960400
2021/10/25,79.43,81.510002,79.400002,81.190002,80.710251,8345800
2021/10/26,81.809998,82.339996,80.419998,80.760002,80.282791,6420400
2021/10/27,80.220001,80.339996,78.550003,78.650002,78.185265,6261500
2021/10/28,78.599998,78.959999,76.650002,78.879997,78.413895,10842600
2021/10/29,78.93,79.370003,77.730003,78.190002,77.727982,8370200
2021/11/01,78.940002,80.010002,78.540001,79.349998,78.881119,7569400
2021/11/02,79.290001,79.370003,77.040001,77.669998,77.211052,10370400
2021/11/03,66.25,67.190002,64.550003,66.75,66.355576,43753600
2021/11/04,67.470001,68.739998,66.650002,68.230003,67.826836,16203300
2021/11/05,68.57,68.779999,66.919998,67.830002,67.429199,13716900
2021/11/08,68.43,68.43,66.620003,66.82,66.425163,12825700
2021/11/09,66.989998,67.550003,66.529999,67.099998,66.703506,8812000
2021/11/10,66.730003,67.449997,66.519997,66.660004,66.266113,7966200
2021/11/11,67.25,67.529999,66.019997,67.5,67.101143,13235000
2021/11/12,67.720001,70.040001,67.339996,69.690002,69.278206,13923000
2021/11/15,69.32,70.68,68.139999,70.43,70.013832,11628200
2021/11/16,70.550003,72.139999,65.459999,66.139999,65.749184,38243200
2021/11/17,65.529999,65.639999,63.5,64.199997,63.820641,28771200
2021/11/18,63.599998,64.050003,60.900002,62.669998,62.299683,24241700
2021/11/19,63.75,64.089996,62.169998,62.380001,62.011398,14485100
2021/11/22,60.93,62.41,59.779999,62.200001,61.832462,16583200
2021/11/23,61.849998,62.919998,61.330002,61.77,61.405003,16564300
2021/11/24,61.84,61.84,60.75,60.91,60.550083,9681500
2021/11/26,61.279999,61.68,60.18,60.619999,60.261799,8305900
2021/11/29,60.889999,60.950001,59.650002,60.310001,59.953632,7749600
2021/11/30,60.02,60.43,58.439999,58.599998,58.253735,19291100
2021/12/01,59.110001,59.209999,57.189999,57.279999,56.941532,11607000
2021/12/02,57.279999,58.18,56.619999,57.290001,56.951477,8606200
2021/12/03,56.98,57.439999,56.400002,57.360001,57.021061,13287400
2021/12/06,57.529999,58.450001,57.240002,58.09,57.74675,9409000
2021/12/07,58.919998,59.27,58.279999,58.77,58.422729,11553500
2021/12/08,58.779999,60.009998,58.029999,59.27,58.919777,9785500
2021/12/09,58.599998,59.810001,58.52,59.07,58.720959,8520500
2021/12/10,59.16,59.41,57.470001,58.599998,58.253735,10161000
2021/12/13,58.599998,59.450001,58.02,58.700001,58.353146,8652700
2021/12/14,58.16,59.880001,58.150002,59.52,59.168301,8793500
2021/12/15,59.110001,60.509998,58.830002,60.259998,59.903923,7387100
2021/12/16,60.549999,61.630001,60.18,61.490002,61.126659,10074500
2021/12/17,61.099998,62.07,60.599998,61.360001,60.997425,16960300
2021/12/20,61.009998,62.23,60.669998,61.799999,61.434826,8369400
2021/12/21,62.25,63.639999,61.860001,63.59,63.214249,11097700
2021/12/22,63.259998,64.120003,63.139999,64.099998,63.721233,15089700
2021/12/23,64.010002,65.389999,63.860001,65.160004,64.774979,8721700
2021/12/27,65.239998,65.739998,65,65.449997,65.063255,10640700
2021/12/28,66.059998,67.589996,65.599998,66.669998,66.276047,13806800
2021/12/29,66.57,67.18,66.190002,67.160004,66.763161,9051500
2021/12/30,67.199997,67.889999,67.050003,67.489998,67.091202,7509100
2021/12/31,67.32,67.639999,66.300003,66.529999,66.136879,9475100
2022/01/03,66.440002,67.669998,65.800003,67.419998,67.021614,13208100
2022/01/04,67.839996,68.010002,66.93,67.199997,66.802917,9464000
2022/01/05,67.199997,67.860001,66.260002,66.290001,65.898293,14988200
2022/01/06,66.160004,66.260002,63.709999,63.82,63.44289,15071100
2022/01/07,63.990002,64.900002,63.330002,64.040001,63.661591,21467900
2022/01/10,63.889999,64.239998,61.990002,63.110001,62.737087,14993000
2022/01/11,63.09,65.989998,62.93,65.849998,65.460892,10728600
2022/01/12,65.230003,65.540001,63.810001,64.809998,64.42704,13986900
2022/01/13,64.910004,65.010002,64.010002,64.169998,63.790821,12790800
2022/01/14,63.990002,65.540001,62.990002,65.389999,65.003609,13495700
2022/01/18,86.769997,86.900002,81.449997,82.309998,81.823631,120192800
2022/01/19,82.650002,83.059998,81.5,82.150002,81.664581,30482100
2022/01/20,82.300003,83.040001,81.650002,81.760002,81.276886,18995300
2022/01/21,81.910004,82,81.150002,81.349998,80.869301,17143300
2022/01/24,80.739998,81.839996,79.449997,79.970001,79.497459,24380000
2022/01/25,79.75,80.589996,79.010002,79.120003,78.652489,14403800
2022/01/26,79.639999,79.910004,78.629997,78.779999,78.314491,10309100
2022/01/27,79.099998,79.720001,78.650002,78.900002,78.433784,10857300
2022/01/28,78.800003,79.139999,77.769997,79.139999,78.672363,11203800
2022/01/31,78.870003,79.440002,77.910004,79.010002,78.543137,11649500
2022/02/01,79.080002,79.75,78.769997,79.059998,78.592834,12225300
2022/02/02,79.080002,79.699997,78.93,79.25,78.781715,17386500
2022/02/03,79.25,79.790001,78.699997,78.949997,78.483482,19961400
2022/02/04,78.449997,79.830002,78.400002,79.25,78.781715,13259100
2022/02/07,79.800003,79.980003,79.32,79.5,79.030235,9059700
2022/02/08,79.68,80.790001,79.550003,80.230003,79.755928,9106200
2022/02/09,80.550003,81.860001,80.150002,81.5,81.018417,11355900
2022/02/10,81.120003,81.940002,81.080002,81.449997,80.968712,9061300
2022/02/11,81.5,81.830002,81.080002,81.5,81.018417,6971000
2022/02/14,81.489998,81.629997,81.110001,81.5,81.018417,7059100
2022/02/15,81.599998,82,81.349998,81.519997,81.0383,9031000
2022/02/16,81.449997,81.779999,81.099998,81.459999,80.978653,6487300
2022/02/17,81.459999,81.5,80.900002,80.970001,80.491554,4949100
2022/02/18,81.040001,81.529999,80.93,81.050003,80.571083,7753700
2022/02/22,81.150002,81.870003,81.110001,81.230003,80.750015,10983600
2022/02/23,81.040001,81.120003,80.440002,80.709999,80.233086,9378400
2022/02/24,80.099998,81.18,80.019997,81.010002,80.531319,10386900
2022/02/25,81.150002,81.540001,80.629997,81.440002,80.958778,5700500
2022/02/28,81.050003,81.57,80.889999,81.5,81.018417,10268500
2022/03/01,81.139999,81.5,80.580002,80.879997,80.402077,8029000
2022/03/02,81.339996,81.669998,80.940002,81.480003,80.998543,8034500
2022/03/03,81.550003,81.650002,81.089996,81.5,81.018417,7024100
2022/03/04,81.360001,81.830002,81.290001,81.43,80.94883,7528200
2022/03/07,81.18,81.5,80.400002,80.550003,80.074036,8546000
2022/03/08,80.419998,81.440002,80.32,81.029999,80.551193,7519800
2022/03/09,81.370003,81.489998,80.660004,80.830002,80.352379,9914500
2022/03/10,80.769997,81.269997,80.57,80.800003,80.322556,6981400
2022/03/11,80.800003,81.199997,80.18,80.309998,79.835449,10714300
2022/03/14,80.050003,80.440002,79.449997,79.550003,79.079948,9536000
2022/03/15,79.43,79.800003,79.150002,79.510002,79.040184,7352800
2022/03/16,79.779999,79.849998,78.739998,79.120003,78.652489,10726500
2022/03/17,79.480003,79.480003,78.610001,78.889999,78.423843,7955700
2022/03/18,78.75,79.360001,78.550003,78.760002,78.294609,16205000
2022/03/21,78.839996,79.099998,78.410004,78.839996,78.37413,7753600
2022/03/22,78.900002,79.43,78.900002,79.300003,78.831421,6444500
2022/03/23,79.150002,79.839996,79.029999,79.07,78.602776,5308100
2022/03/24,79.349998,79.650002,78.959999,79.620003,79.149529,3717400
2022/03/25,79.669998,79.970001,79.5,79.599998,79.129646,5384100
2022/03/28,79.309998,80.07,79.18,80.010002,79.537224,4970300
2022/03/29,80.150002,80.75,80.150002,80.75,80.27285,5527000
2022/03/30,80.510002,80.660004,80.309998,80.360001,79.885155,5134600
2022/03/31,80.400002,80.75,79.93,80.110001,79.636635,7491900
2022/04/01,79.830002,80.870003,79.779999,80.82,80.342438,3759300
2022/04/04,80.82,80.949997,80.470001,80.730003,80.252975,6517700
2022/04/05,80.610001,81.129997,80.260002,80.379997,79.905037,3598300
2022/04/06,79.949997,80.519997,79.949997,80.110001,79.636635,4879400
2022/04/07,80.129997,80.449997,79.980003,80.110001,79.636635,3939900
2022/04/08,80.050003,80.449997,79.910004,80.089996,79.616745,3146600
2022/04/11,80,80.25,79.419998,79.480003,79.010361,4399400
2022/04/12,79.589996,79.82,79.410004,79.540001,79.07,4738900
2022/04/13,79.330002,79.379997,78.790001,79.099998,79.099998,5948300
2022/04/14,78.959999,79.169998,78.849998,78.93,78.93,4571600
2022/04/18,78.800003,79.120003,78.720001,79.059998,79.059998,6200600
2022/04/19,78.910004,79.349998,78.809998,79.029999,79.029999,3455300
2022/04/20,79.120003,79.309998,78.860001,78.910004,78.910004,3419200
2022/04/21,79.029999,79.110001,78.690002,78.900002,78.900002,3623500
2022/04/22,78.849998,79.010002,78.529999,78.610001,78.610001,3893100
2022/04/25,78.209999,78.470001,77.410004,78.050003,78.050003,8668500
2022/04/26,77.82,78.059998,77.019997,77.059998,77.059998,10783600
2022/04/27,76.82,77.279999,76.059998,76.099998,76.099998,7318800
2022/04/28,76.449997,77.360001,76.18,76.699997,76.699997,8164800
2022/04/29,76.410004,76.75,75.330002,75.599998,75.599998,8847700
2022/05/02,77.169998,78.220001,76.940002,78.059998,78.059998,14708200
2022/05/03,78.5,79.389999,78.18,78.779999,78.779999,10984100
2022/05/04,79.080002,79.5,78.660004,79.239998,79.239998,8101500
2022/05/05,79.110001,79.110001,78.529999,78.760002,78.760002,7754900
2022/05/06,78.699997,78.860001,77.480003,77.839996,77.839996,10358600
2022/05/09,77.419998,77.639999,76.339996,77.169998,77.169998,8484400
2022/05/10,77.709999,77.879997,76.150002,76.919998,76.919998,6761300
2022/05/11,76.68,78.139999,76.449997,77.470001,77.470001,6490000
2022/05/12,76.879997,77.870003,76.5,77.379997,77.379997,5109200
2022/05/13,77.43,78.32,77.339996,77.739998,77.739998,4681300
